time,x,y,z
0.009,-0.04,0.42,0.94
0.010,-0.03,0.40,0.94
0.020,-0.03,0.38,0.93
0.031,-0.05,0.37,0.92
0.040,-0.06,0.36,0.92
0.050,-0.05,0.36,0.91
0.060,-0.03,0.36,0.91
0.070,-0.02,0.36,0.92
0.085,-0.02,0.35,0.94
0.090,-0.02,0.34,0.94
0.100,-0.01,0.33,0.94
0.110,0.01,0.32,0.87
0.120,0.02,0.34,0.83
0.133,0.03,0.35,0.80
0.140,0.04,0.36,0.78
0.167,0.04,0.35,0.79
0.168,0.03,0.33,0.83
0.185,0.02,0.31,0.87
0.187,0.02,0.29,0.90
0.202,0.03,0.28,0.91
0.203,0.03,0.30,0.89
0.219,0.03,0.32,0.88.
0.236,0.03,0.32,0.87
0.237,0.04,0.33,0.84
0.252,0.03,0.32,0.85
0.253,0.02,0.31,0.86
0.269,0.03,0.31,0.89
0.285,0.03,0.32,0.93
0.286,0.02,0.32,0.96
0.302,0.01,0.32,0.98
0.303,-0.00,0.30,0.98
0.319,-0.01,0.29,0.98
0.320,-0.01,0.29,0.97
0.331,-0.01,0.30,0.95
0.353,-0.01,0.33,0.97
0.354,-0.03,0.34,0.96
0.361,-0.04,0.34,0.94
0.371,-0.03,0.34,0.94
0.381,-0.02,0.32,0.92
0.402,-0.04,0.29,0.90
0.403,-0.04,0.28,0.91
0.410,-0.01,0.29,0.93
0.420,0.00,0.31,0.92
0.430,0.00,0.33,0.90
0.440,-0.00,0.34,0.88
0.450,0.04,0.37,0.87
0.460,0.07,0.38,0.87
0.471,0.07,0.37,0.86
0.480,0.05,0.36,0.86
0.490,0.04,0.33,0.86
0.500,0.02,0.32,0.84
0.510,-0.00,0.32,0.86
0.523,-0.03,0.33,0.90
0.531,-0.03,0.34,0.93
0.555,-0.03,0.33,0.94
0.557,-0.03,0.31,0.93
0.561,-0.02,0.29,0.94
0.590,-0.02,0.28,0.97
0.591,-0.03,0.27,0.99
0.592,-0.02,0.27,1.00
0.601,0.00,0.30,1.00
0.622,0.02,0.32,0.98
0.623,0.03,0.32,0.96
0.631,0.02,0.32,0.92
0.644,-0.00,0.30,0.86
0.651,-0.01,0.28,0.84
0.661,0.00,0.28,0.83
0.691,-0.01,0.29,0.86
0.693,-0.04,0.28,0.93
0.693,-0.04,0.26,0.99
0.702,-0.04,0.25,1.00
0.725,-0.02,0.26,1.00
0.726,-0.00,0.27,0.99
0.731,0.01,0.30,0.97
0.759,0.02,0.32,0.95
0.760,0.02,0.32,0.92
0.761,0.00,0.31,0.92
0.771,-0.01,0.30,0.91
0.792,0.00,0.26,0.90
0.794,0.01,0.26,0.89
0.801,0.02,0.25,0.91
0.825,0.03,0.25,0.94
0.826,0.00,0.25,0.97
0.831,-0.01,0.24,0.97
0.859,0.00,0.24,0.95
0.860,0.01,0.24,0.93
0.861,0.01,0.22,0.89
0.871,0.02,0.23,0.89
0.893,0.04,0.25,0.91
0.895,0.05,0.26,0.93
0.901,0.01,0.26,0.95
0.918,0.02,0.25,0.98
0.921,0.01,0.24,0.97
0.932,-0.00,0.20,0.94
0.944,0.03,0.20,0.93
0.950,0.04,0.19,0.90
0.961,0.05,0.19,0.87
0.970,0.07,0.20,0.81
0.981,-0.01,0.17,0.69
0.998,-0.07,0.18,0.52
1.008,-0.10,0.15,0.63
1.010,0.05,0.32,1.05
1.021,0.05,0.26,1.12
1.030,0.09,0.15,1.00
1.040,0.20,0.03,0.92
1.050,0.20,0.06,1.06
1.063,0.23,0.16,1.08
1.069,0.28,0.40,1.00
1.085,0.51,0.61,0.70
1.089,0.64,0.55,0.42
1.100,0.80,0.43,0.34
1.111,0.92,0.40,0.53
1.120,1.03,0.59,0.90
1.130,1.10,0.70,0.96
1.140,1.21,0.72,1.11
1.150,1.34,0.61,1.19
1.161,1.65,0.67,1.48
1.170,1.79,0.80,1.71
1.180,1.92,0.91,1.84
1.190,2.19,1.00,2.07
1.200,2.28,1.00,2.10
1.215,2.32,0.95,2.21
1.220,2.28,0.82,2.34
1.230,2.24,0.59,1.92
1.240,2.24,0.62,1.82
1.250,2.28,0.67,1.76
1.266,2.36,0.73,1.69
1.270,2.39,0.71,1.53
1.281,2.37,0.66,1.47
1.290,2.33,0.59,1.43
1.300,2.24,0.48,1.40
1.310,1.95,0.37,1.31
1.320,1.83,0.37,1.23
1.333,1.71,0.37,1.12
1.340,1.61,0.34,0.82
1.350,1.55,0.25,0.68
1.360,1.47,0.09,0.60
1.370,1.38,-0.02,0.56
1.384,1.33,-0.10,0.57
1.390,1.25,-0.16,0.60
1.400,1.15,-0.22,0.57
1.410,1.02,-0.28,0.49
1.420,0.81,-0.45,0.32
1.432,0.72,-0.52,0.24
1.440,0.67,-0.56,0.16
1.450,0.73,-0.64,0.07
1.460,0.71,-0.67,0.07
1.470,0.72,-0.74,0.08
1.485,0.72,-0.83,0.07
1.490,0.72,-0.91,0.12
1.501,0.70,-0.91,0.14
1.510,0.68,-0.93,0.16
1.526,0.66,-0.94,0.18
1.529,0.75,-0.92,0.13
1.540,0.76,-0.90,0.10
1.550,0.74,-0.96,0.09
1.560,0.73,-1.07,0.10
1.570,0.65,-1.17,0.13
1.580,0.64,-1.19,0.14
1.590,0.55,-1.20,0.09
1.602,0.51,-1.32,0.19
1.610,0.51,-1.34,0.23
1.620,0.57,-1.34,0.28
1.630,0.61,-1.33,0.33
1.640,0.59,-1.38,0.39
1.651,0.60,-1.40,0.43
1.660,0.60,-1.39,0.54
1.670,0.61,-1.44,0.67
1.679,0.69,-1.42,0.92
1.690,0.78,-1.40,1.01
1.702,0.89,-1.41,1.05
1.710,0.99,-1.43,1.05
1.720,1.06,-1.69,1.01
1.730,1.05,-1.70,1.08
1.740,0.98,-1.76,1.21
1.752,0.78,-1.76,1.34
1.760,0.65,-1.82,1.31
1.770,0.53,-1.94,1.20
1.780,0.49,-2.06,1.10
1.790,0.82,-2.27,1.07
1.799,1.07,-2.23,1.15
1.810,1.26,-2.19,1.33
1.820,1.41,-2.21,1.48
1.830,1.58,-2.09,1.66
1.840,1.59,-2.04,1.73
1.849,1.58,-2.09,1.76
1.860,1.68,-2.17,1.85
1.875,1.85,-2.23,1.91
1.879,2.01,-2.36,2.01
1.890,2.18,-2.50,2.14
1.899,2.34,-2.60,2.42
1.910,2.45,-2.69,2.47
1.924,2.47,-2.75,2.52
1.930,2.53,-2.88,2.56
1.941,2.69,-3.00,2.51
1.949,2.83,-3.14,2.47
1.960,2.96,-3.27,2.44
1.976,3.17,-3.31,2.46
1.979,3.41,-3.39,2.49
1.992,3.44,-3.39,2.49
2.000,3.48,-3.39,2.47
2.010,3.50,-3.26,2.40
2.023,3.51,-3.21,2.37
2.029,3.47,-3.20,2.40
2.041,3.41,-3.18,2.43
2.049,3.43,-3.25,2.54
2.066,3.40,-3.37,2.70
2.069,3.36,-3.53,2.81
2.079,3.30,-3.70,2.85
2.093,3.05,-4.00,2.61
2.099,2.93,-4.00,2.48
2.110,2.87,-4.00,2.37
2.119,2.87,-4.00,2.30
2.130,2.75,-3.98,2.08
2.141,2.61,-3.85,1.93
2.149,2.46,-3.74,1.80
2.159,2.13,-3.56,1.74
2.169,2.01,-3.44,1.68
2.179,1.83,-3.40,1.48
2.192,1.65,-3.32,1.30
2.199,1.36,-3.26,1.01
2.211,1.25,-3.29,0.89
2.219,1.16,-3.31,0.78
2.230,1.11,-3.32,0.62
2.242,1.03,-3.30,0.52
2.249,1.06,-3.22,0.54
2.259,1.11,-3.07,0.54
2.269,1.23,-2.87,0.44
2.279,1.31,-2.78,0.41
2.289,1.36,-2.68,0.40
2.299,1.39,-2.63,0.40
2.312,1.48,-2.43,0.43
2.319,1.46,-2.33,0.40
2.329,1.40,-2.29,0.32
2.339,1.32,-2.21,0.23
2.349,1.17,-2.18,0.09
2.360,1.13,-2.22,0.11
2.369,1.13,-2.17,0.11
2.379,1.21,-2.09,-0.04
2.389,1.40,-1.75,-0.16
2.399,1.40,-1.52,-0.26
2.411,1.30,-1.47,-0.44
2.419,1.04,-1.36,-0.60
2.430,1.00,-1.35,-0.51
2.439,0.98,-1.28,-0.43
2.449,1.01,-1.20,-0.46
2.461,0.95,-1.38,-0.53
2.469,0.98,-1.47,-0.63
2.479,1.03,-1.54,-0.74
2.489,1.14,-1.68,-0.83
2.499,1.44,-1.89,-0.95
2.512,1.57,-2.03,-0.87
2.519,1.69,-2.21,-0.69
2.529,1.78,-2.28,-0.58
2.539,1.91,-2.41,-0.40
2.549,1.86,-2.49,-0.35
2.559,1.90,-2.55,-0.31
2.569,2.09,-2.77,-0.18
2.582,2.17,-2.85,-0.10
2.589,2.29,-2.86,-0.06
2.599,2.42,-2.97,-0.08
2.609,2.51,-3.47,-0.04
2.620,2.71,-3.66,-0.07
2.630,2.93,-3.64,-0.20
2.639,3.24,-3.65,-0.28
2.649,3.77,-3.64,-0.10
2.659,3.99,-3.54,-0.01
2.669,4.00,-3.43,-0.02
2.686,4.00,-3.14,-0.15
2.689,4.00,-3.10,-0.27
2.703,4.00,-3.01,-0.41
2.709,4.00,-2.94,-0.55
2.719,4.00,-2.82,-0.60
2.735,4.00,-2.78,-0.51
2.739,4.00,-2.79,-0.50
2.752,4.00,-2.97,-0.46
2.759,3.98,-2.87,-0.18
2.769,3.99,-2.74,-0.19
2.784,3.97,-2.69,-0.22
2.789,3.92,-2.70,-0.19
2.799,3.96,-2.51,-0.04
2.809,4.00,-2.43,-0.01
2.819,4.00,-2.40,0.11
2.829,3.88,-2.37,0.37
2.839,3.77,-2.37,0.46
2.850,3.58,-2.43,0.66
2.859,3.37,-2.46,0.88
2.869,3.08,-2.28,1.00
2.879,2.91,-2.29,1.03
2.889,2.76,-2.21,0.98
2.901,2.64,-2.11,0.92
2.909,2.41,-2.00,0.82
2.919,2.30,-1.96,0.73
2.929,2.21,-1.94,0.63
2.939,2.11,-1.94,0.57
2.951,1.69,-2.06,0.84
2.959,1.43,-2.02,0.91
2.969,1.18,-2.07,0.90
2.979,0.54,-2.17,0.86
2.989,0.30,-2.17,0.71
3.003,0.14,-2.13,0.54
3.010,0.07,-2.04,0.39
3.022,-0.01,-1.87,0.12
3.029,0.07,-1.80,0.02
3.039,0.19,-1.73,0.04
3.049,0.27,-1.62,0.07
3.059,0.42,-1.52,0.19
3.069,0.42,-1.47,0.25
3.079,0.36,-1.55,0.27
3.089,0.21,-1.71,0.24
3.099,0.13,-1.74,0.25
3.109,0.06,-1.79,0.26
3.120,0.02,-1.82,0.18
3.129,0.10,-1.94,-0.06
3.139,0.23,-1.94,-0.06
3.149,0.37,-1.87,0.06
3.159,0.52,-1.80,0.18
3.171,0.62,-1.70,0.41
3.179,0.60,-1.75,0.51
3.191,0.60,-1.89,0.60
3.199,0.59,-2.04,0.64
3.209,0.65,-2.41,0.70
3.222,0.68,-2.52,0.78
3.229,0.78,-2.69,0.89
3.242,0.96,-2.97,1.07
3.249,1.13,-3.16,1.15
3.259,1.27,-3.25,1.25
3.272,1.36,-3.30,1.40
3.279,1.45,-3.28,1.64
3.289,1.55,-3.09,1.76
3.299,1.64,-2.83,1.85
3.309,1.79,-2.76,1.91
3.319,2.09,-2.90,1.87
3.329,2.14,-2.92,1.89
3.344,2.25,-2.91,1.98
3.349,2.42,-2.75,2.17
3.359,2.41,-2.77,2.23
3.369,2.51,-2.98,2.30
3.379,2.69,-3.21,2.36
3.393,2.95,-3.23,2.54
3.399,2.90,-3.35,2.63
3.409,2.83,-3.42,2.66
3.419,2.85,-3.50,2.60
3.429,3.08,-3.93,2.44
3.440,3.25,-4.00,2.37
3.449,3.43,-4.00,2.27
3.459,3.68,-4.00,2.18
3.469,3.74,-4.00,1.97
3.479,3.71,-4.00,1.81
3.495,3.65,-4.00,1.70
3.499,3.64,-4.00,1.80
3.511,3.68,-4.00,1.84
3.519,3.67,-4.00,1.89
3.529,3.68,-4.00,1.96
3.542,3.58,-4.00,2.01
3.549,3.51,-4.00,2.01
3.559,3.46,-4.00,2.01
3.569,3.34,-4.00,1.98
3.579,3.26,-4.00,1.92
3.589,3.23,-4.00,2.00
3.599,3.13,-4.00,2.03
3.613,3.07,-4.00,2.01
3.619,2.97,-4.00,1.89
3.629,2.97,-4.00,1.83
3.639,2.97,-4.00,1.72
3.649,3.03,-4.00,1.40
3.660,2.99,-4.00,1.23
3.669,2.90,-4.00,1.03
3.679,2.81,-4.00,0.87
3.689,2.52,-4.00,0.61
3.699,2.42,-3.90,0.62
3.712,2.35,-3.73,0.60
3.719,2.29,-3.66,0.47
3.729,2.17,-3.39,0.11
3.739,2.09,-3.18,0.04
3.749,2.03,-3.00,-0.02
3.762,1.81,-2.79,-0.06
3.769,1.72,-2.66,-0.05
3.782,1.74,-2.46,-0.04
3.789,1.72,-2.21,-0.02
3.799,1.54,-2.06,0.05
3.809,1.49,-1.97,0.02
3.819,1.50,-1.92,0.04
3.832,1.56,-1.85,0.02
3.839,1.66,-1.68,-0.05
3.849,1.68,-1.65,-0.11
3.859,1.70,-1.58,-0.17
3.869,1.70,-1.48,-0.20
3.883,1.49,-1.35,-0.21
3.889,1.39,-1.31,-0.12
3.899,1.32,-1.26,-0.03
3.909,1.22,-1.23,0.04
3.919,1.17,-1.28,-0.05
3.933,1.13,-1.38,-0.17
3.939,1.14,-1.49,-0.27
3.949,1.26,-1.74,-0.46
3.959,1.38,-1.86,-0.46
3.969,1.53,-1.86,-0.54
3.983,1.66,-1.83,-0.63
3.989,1.71,-1.86,-0.61
3.999,1.72,-1.91,-0.55
4.009,1.76,-1.92,-0.54
4.019,1.83,-1.91,-0.62
4.032,1.83,-2.10,-0.66
4.039,1.82,-2.22,-0.61
4.049,1.89,-2.28,-0.56
4.059,2.05,-2.45,-0.48
4.069,2.08,-2.47,-0.48
4.079,2.19,-2.48,-0.56
4.089,2.28,-2.55,-0.64
4.101,2.54,-2.67,-0.70
4.109,2.63,-2.76,-0.72
4.119,2.70,-2.85,-0.72
4.129,2.77,-2.91,-0.68
4.139,2.88,-3.07,-0.64
4.153,2.92,-3.18,-0.58
4.158,2.99,-3.23,-0.50
4.169,3.18,-3.23,-0.44
4.179,3.22,-3.23,-0.40
4.189,3.27,-3.26,-0.42
4.203,3.32,-3.24,-0.47
4.209,3.37,-3.24,-0.43
4.219,3.33,-3.26,-0.38
4.229,3.30,-3.26,-0.34
4.239,3.27,-3.27,-0.34
4.251,3.23,-3.28,-0.38
4.258,3.23,-3.29,-0.38
4.269,3.30,-3.24,-0.47
4.279,3.39,-3.23,-0.55
4.289,3.55,-3.19,-0.68
4.304,3.68,-3.18,-0.75
4.309,3.79,-3.12,-0.71
4.319,3.85,-3.04,-0.68
4.329,3.84,-3.02,-0.64
4.339,3.77,-3.03,-0.54
4.349,3.73,-3.00,-0.43
4.359,3.64,-2.99,-0.14
4.372,3.59,-2.95,0.09
4.379,3.49,-2.93,0.27
4.389,3.39,-2.91,0.38
4.399,3.19,-2.88,0.57
4.409,2.98,-2.84,0.75
4.420,2.81,-2.71,0.89
4.429,2.35,-2.53,0.93
4.439,2.06,-2.49,1.07
4.449,1.76,-2.45,1.31
4.459,1.47,-2.37,1.47
4.471,0.96,-2.12,1.61
4.479,0.70,-1.97,1.58
4.489,0.54,-1.85,1.48
4.499,0.46,-1.70,1.30
4.509,0.54,-1.44,0.79
4.522,0.64,-1.31,0.53
4.528,0.75,-1.21,0.36
4.541,0.87,-1.08,0.25
4.549,0.81,-1.12,0.38
4.559,0.59,-1.20,0.47
4.569,0.44,-1.26,0.39
4.579,0.01,-1.45,0.36
4.591,-0.10,-1.56,0.33
4.598,-0.19,-1.61,0.32
4.609,-0.19,-1.62,0.31
4.619,-0.10,-1.54,0.23
4.629,-0.01,-1.55,0.18
4.641,0.01,-1.45,0.17
4.649,0.09,-1.41,0.22
4.659,0.12,-1.37,0.30
4.668,0.12,-1.40,0.25
4.679,0.13,-1.45,0.15
4.693,0.19,-1.54,0.10
4.699,0.22,-1.60,0.18
4.710,0.25,-1.72,0.26
4.718,0.34,-1.88,0.32
4.729,0.62,-1.99,0.42
4.743,0.68,-2.06,0.53
4.748,0.68,-2.15,0.66
4.759,0.69,-2.16,0.75
4.768,0.61,-2.24,1.04
4.779,0.60,-2.34,1.13
4.794,0.54,-2.49,1.18
4.799,0.51,-2.66,1.20
4.809,0.86,-3.06,1.34
4.818,1.07,-3.15,1.42
4.829,1.28,-3.19,1.54
4.838,1.53,-3.13,1.61
4.849,1.56,-3.07,1.67
4.859,1.60,-3.10,1.68
4.869,1.55,-3.10,1.69
4.879,1.62,-3.12,1.79
4.888,1.79,-3.16,1.78
4.899,1.96,-3.15,1.78
4.912,2.13,-3.14,1.89
4.918,2.60,-3.15,2.23
4.929,2.71,-3.04,2.42
4.939,2.67,-3.10,2.57
4.949,2.60,-3.21,2.66
4.961,2.63,-3.61,2.71
4.968,2.63,-3.87,2.65
4.978,2.62,-4.00,2.49
4.988,2.72,-4.00,2.24
5.003,2.84,-4.00,2.15
5.019,3.08,-4.00,2.13
5.020,3.28,-4.00,2.15
5.033,3.31,-4.00,1.90
5.039,3.21,-4.00,1.63
5.049,3.15,-4.00,1.44
5.061,3.20,-4.00,1.42
5.068,3.36,-4.00,1.57
5.079,3.31,-4.00,1.67
5.088,3.29,-4.00,1.81
5.099,3.28,-4.00,1.96
5.108,3.28,-4.00,1.91
5.119,3.20,-4.00,1.86
5.129,3.05,-4.00,1.76
5.138,2.72,-4.00,1.54
5.148,2.56,-4.00,1.42
5.158,2.46,-4.00,1.28
5.169,2.39,-4.00,1.21
5.183,2.45,-4.00,1.41
5.188,2.51,-4.00,1.47
5.199,2.60,-4.00,1.39
5.208,2.60,-3.99,1.20
5.219,2.50,-3.78,1.01
5.230,2.46,-3.63,0.99
5.238,2.36,-3.52,0.82
5.248,1.90,-3.39,0.60
5.258,1.74,-3.32,0.64
5.268,1.63,-3.19,0.59
5.284,1.54,-3.15,0.47
5.288,1.29,-3.02,0.19
5.301,1.26,-2.88,0.06
5.308,1.32,-2.71,-0.02
5.319,1.31,-2.56,-0.03
5.332,1.39,-2.35,0.07
5.338,1.39,-2.22,0.10
5.352,1.32,-2.16,0.04
5.358,1.13,-2.08,-0.12
5.368,1.05,-2.06,-0.18
5.378,1.00,-2.06,-0.23
5.388,1.02,-2.06,-0.25
5.402,1.21,-1.90,-0.49
5.408,1.20,-1.81,-0.61
5.419,1.15,-1.78,-0.68
5.428,1.09,-1.72,-0.70
5.438,1.09,-1.31,-0.68
5.452,0.99,-1.29,-0.82
5.458,0.86,-1.41,-0.90
5.471,0.78,-1.53,-0.86
5.478,0.80,-1.57,-0.81
5.488,0.84,-1.66,-0.79
5.503,0.91,-1.77,-0.77
5.508,1.16,-1.80,-0.71
5.520,1.24,-1.86,-0.78
5.528,1.31,-1.84,-0.80
5.538,1.38,-1.87,-0.77
5.552,1.55,-1.95,-0.69
5.558,1.66,-2.09,-0.65
5.568,1.74,-2.32,-0.48
5.578,1.82,-2.41,-0.34
5.588,1.97,-2.56,-0.22
5.602,1.97,-2.70,-0.16
5.608,2.01,-2.83,-0.10
5.618,2.13,-2.90,-0.07
5.628,2.40,-3.12,0.03
5.638,2.59,-3.20,0.01
5.648,2.82,-3.26,-0.08
5.659,3.22,-3.37,-0.37
5.670,3.34,-3.48,-0.45
5.678,3.45,-3.45,-0.50
5.688,3.57,-3.39,-0.50
5.698,3.57,-3.22,-0.47
5.708,3.49,-3.26,-0.48
5.723,3.36,-3.25,-0.49
5.728,3.32,-3.22,-0.53
5.738,3.20,-3.27,-0.47
5.748,3.17,-3.34,-0.45
5.758,3.18,-3.36,-0.47
5.772,3.23,-3.40,-0.57
5.778,3.24,-3.37,-0.62
5.788,3.27,-3.33,-0.64
5.798,3.27,-3.29,-0.68
5.808,3.29,-3.22,-0.79
5.821,3.35,-3.21,-0.86
5.828,3.43,-3.20,-0.87
5.841,3.58,-3.31,-0.79
5.848,3.64,-3.40,-0.54
5.859,3.69,-3.28,-0.45
5.871,3.67,-3.21,-0.36
5.878,3.59,-3.15,-0.26
5.888,3.40,-3.03,-0.20
5.898,3.28,-3.02,-0.11
5.911,3.21,-3.00,-0.03
5.918,3.00,-3.05,0.23
5.928,2.89,-3.08,0.47
5.941,2.73,-3.03,0.70
5.948,2.56,-2.90,0.76
5.958,2.20,-2.63,0.69
5.968,1.99,-2.54,0.71
5.978,1.79,-2.46,0.83
5.993,1.62,-2.35,1.00
6.001,1.33,-2.08,1.09
6.010,1.13,-2.05,1.00
6.018,0.91,-2.07,0.93
6.029,0.67,-1.98,0.66
6.040,0.62,-2.00,0.56
6.048,0.55,-1.98,0.47
6.058,0.49,-1.99,0.42
6.068,0.52,-1.75,0.35
6.078,0.48,-1.68,0.27
6.094,0.37,-1.73,0.18
6.098,0.23,-1.78,0.14
6.110,0.15,-1.73,0.08
6.118,0.07,-1.79,0.07
6.128,-0.06,-1.83,0.03
6.144,-0.09,-1.85,0.01
6.148,-0.06,-1.84,0.07
6.162,-0.02,-1.83,0.13
6.168,0.02,-1.83,0.19
6.178,0.26,-1.68,0.32
6.188,0.38,-1.58,0.40
6.198,0.42,-1.51,0.48
6.211,0.40,-1.43,0.55
6.218,0.30,-1.43,0.53
6.228,0.26,-1.56,0.46
6.238,0.18,-1.77,0.42
6.248,0.13,-2.04,0.36
6.260,0.09,-2.60,0.46
6.268,0.22,-2.80,0.59
6.279,0.29,-2.90,0.76
6.288,0.42,-2.90,0.87
6.298,0.90,-2.75,1.34
6.313,1.18,-2.63,1.54
6.318,1.30,-2.60,1.65
6.330,1.12,-2.88,1.56
6.338,1.08,-2.99,1.49
6.348,1.09,-3.10,1.41
6.361,1.12,-3.06,1.36
6.368,1.32,-3.13,1.43
6.381,1.56,-3.15,1.49
6.388,1.72,-3.14,1.55
6.398,1.88,-3.18,1.62
6.408,2.44,-3.17,1.86
6.418,2.65,-3.20,1.95
6.431,2.72,-3.22,2.07
6.438,2.86,-3.52,2.21
6.448,2.96,-3.63,2.39
6.458,3.05,-3.63,2.64
6.468,3.08,-3.65,2.78
6.483,2.89,-3.89,2.74
6.488,2.85,-4.00,2.67
6.502,2.97,-4.00,2.53
6.508,3.03,-4.00,2.42
6.518,3.18,-4.00,2.11
6.534,3.26,-4.00,1.93
6.538,3.37,-4.00,1.86
6.550,3.46,-4.00,1.86
6.558,3.43,-4.00,1.70
6.568,3.34,-4.00,1.57
6.583,3.27,-4.00,1.48
6.588,3.22,-4.00,1.49
6.598,3.21,-4.00,1.46
6.608,3.14,-4.00,1.43
6.618,3.05,-4.00,1.38
6.634,3.02,-4.00,1.32
6.638,2.96,-4.00,1.32
6.648,2.93,-4.00,1.29
6.658,2.84,-4.00,1.22
6.669,2.69,-4.00,1.10
6.678,2.61,-4.00,1.05
6.688,2.61,-4.00,0.98
6.702,2.51,-4.00,0.81
6.708,2.46,-3.97,0.73
6.718,2.36,-3.81,0.62
6.728,2.26,-3.66,0.49
6.738,1.90,-3.46,0.25
6.749,1.75,-3.37,0.27
6.758,1.70,-3.24,0.31
6.768,1.57,-3.15,0.29
6.778,1.39,-3.06,0.15
6.788,1.34,-2.90,0.13
6.803,1.38,-2.80,0.11
6.808,1.40,-2.66,0.09
6.819,1.43,-2.48,0.03
6.828,1.45,-2.36,0.01
6.838,1.43,-2.31,-0.00
6.854,1.25,-2.18,-0.14
6.858,1.15,-2.12,-0.26
6.870,1.06,-2.10,-0.36
6.878,1.01,-2.07,-0.44
6.888,1.06,-1.94,-0.51
6.904,1.09,-1.87,-0.54
6.908,1.12,-1.76,-0.55
6.923,1.11,-1.70,-0.52
6.928,1.07,-1.68,-0.61
6.940,1.10,-1.60,-0.57
6.948,1.13,-1.55,-0.54
6.958,1.12,-1.65,-0.59
6.970,1.22,-1.49,-0.78
6.978,1.25,-1.50,-0.88
6.989,1.21,-1.50,-0.91
7.002,1.18,-1.52,-0.88
7.012,1.16,-1.55,-0.88
7.029,1.12,-1.71,-0.85
7.030,1.16,-1.74,-0.80
7.048,1.28,-1.85,-0.86
7.049,1.32,-1.96,-0.82
7.062,1.39,-2.08,-0.77
7.078,1.49,-2.13,-0.74
7.079,1.64,-2.35,-0.68
7.092,1.71,-2.45,-0.66
7.098,1.78,-2.42,-0.69
7.108,1.92,-2.50,-0.70
7.124,1.89,-2.52,-0.68
7.128,1.93,-2.65,-0.70
7.141,2.00,-2.70,-0.64
7.148,2.26,-2.92,-0.38
7.158,2.37,-3.08,-0.34
7.171,2.48,-3.37,-0.32
7.178,2.65,-3.57,-0.32
7.188,3.17,-3.54,-0.52
7.198,3.32,-3.54,-0.55
7.208,3.47,-3.52,-0.58
7.218,3.63,-3.51,-0.56
7.228,3.91,-3.26,-0.67
7.243,3.97,-3.20,-0.85
7.248,3.91,-3.20,-0.89
7.259,3.87,-3.06,-0.77
7.268,3.83,-2.96,-0.75
7.278,3.74,-2.96,-0.70
7.292,3.64,-3.02,-0.64
7.298,3.46,-3.10,-0.60
7.309,3.40,-3.11,-0.61
7.318,3.43,-2.97,-0.66
7.328,3.48,-2.91,-0.69
7.340,3.66,-2.85,-0.79
7.348,3.77,-2.78,-0.80
7.360,3.86,-2.71,-0.73
7.368,3.92,-2.71,-0.69
7.378,3.77,-2.80,-0.40
7.393,3.72,-2.73,-0.20
7.398,3.64,-2.65,-0.09
7.410,3.33,-2.67,0.26
7.418,3.22,-2.63,0.28
7.428,3.10,-2.66,0.36
7.441,2.94,-2.54,0.44
7.448,2.65,-2.47,0.47
7.458,2.52,-2.36,0.43
7.468,2.40,-2.32,0.40
7.478,2.25,-2.34,0.38
7.488,1.96,-2.26,0.43
7.498,1.83,-2.20,0.43
7.512,1.64,-2.19,0.44
7.518,1.22,-2.22,0.56
7.528,1.01,-2.22,0.59
7.538,0.84,-2.15,0.62
7.548,0.66,-2.08,0.59
7.561,0.22,-2.06,0.30
7.568,0.07,-2.04,0.14
7.578,0.04,-1.99,0.06
7.588,0.09,-1.90,0.05
7.598,0.31,-1.69,-0.12
7.612,0.41,-1.71,-0.14
7.618,0.49,-1.74,-0.01
7.628,0.56,-1.72,0.12
7.638,0.57,-1.63,0.32
7.648,0.49,-1.63,0.33
7.661,0.42,-1.60,0.37
7.668,0.31,-1.57,0.40
7.681,0.27,-1.58,0.39
7.688,0.28,-1.51,0.33
7.698,0.32,-1.48,0.30
7.714,0.25,-1.54,0.33
7.718,0.21,-1.63,0.34
7.732,0.13,-1.71,0.34
7.738,0.07,-1.83,0.35
7.748,0.12,-2.05,0.43
7.758,0.30,-2.08,0.51
7.768,0.50,-2.09,0.64
7.782,0.72,-2.13,0.84
7.788,0.68,-2.23,0.89
7.799,0.64,-2.37,0.95
7.808,0.66,-2.48,1.02
7.818,0.73,-2.74,1.20
7.832,0.84,-2.78,1.25
7.838,0.95,-2.83,1.29
7.848,1.06,-2.87,1.33
7.858,1.23,-2.73,1.43
7.868,1.37,-2.74,1.52
7.884,1.59,-2.70,1.59
7.888,1.78,-2.65,1.60
7.901,2.09,-2.67,1.87
7.908,2.34,-2.69,2.00
7.919,2.47,-2.72,2.14
7.934,2.60,-2.77,2.33
7.937,2.61,-2.86,2.37
7.951,2.61,-2.97,2.38
7.958,2.63,-3.07,2.41
7.968,2.72,-3.33,2.51
7.978,2.85,-3.45,2.54
7.988,2.92,-3.52,2.53
8.003,3.01,-3.64,2.46
8.008,3.17,-3.86,2.23
8.021,3.28,-3.90,2.09
8.027,3.34,-3.91,1.98
8.038,3.43,-4.00,1.78
8.052,3.41,-4.00,1.70
8.058,3.36,-4.00,1.65
8.069,3.38,-4.00,1.63
8.078,3.27,-4.00,1.55
8.088,3.27,-4.00,1.57
8.103,3.31,-4.00,1.63
8.108,3.35,-4.00,1.68
8.120,3.35,-4.00,1.62
8.128,3.37,-4.00,1.53
8.138,3.30,-4.00,1.51
8.150,3.19,-4.00,1.44
8.158,2.78,-4.00,1.17
8.168,2.65,-4.00,1.12
8.178,2.56,-4.00,1.11
8.188,2.48,-4.00,1.08
8.205,2.43,-4.00,1.01
8.207,2.41,-3.96,0.96
8.221,2.40,-3.87,0.96
8.228,2.36,-3.73,0.90
8.238,2.27,-3.66,0.86
8.248,2.20,-3.67,0.85
8.258,2.11,-3.61,0.80
8.270,1.97,-3.50,0.74
8.278,1.83,-3.44,0.67
8.288,1.74,-3.35,0.64
8.298,1.73,-3.22,0.63
8.308,1.62,-2.97,0.45
8.323,1.57,-2.86,0.32
8.328,1.45,-2.72,0.17
8.340,1.34,-2.53,-0.04
8.348,1.35,-2.33,-0.09
8.360,1.34,-2.23,-0.08
8.377,1.28,-2.16,-0.05
8.378,1.20,-2.01,-0.05
8.391,1.19,-1.92,-0.10
8.398,1.16,-1.85,-0.19
8.409,1.16,-1.78,-0.29
8.426,1.16,-1.67,-0.54
8.427,1.16,-1.58,-0.66
8.443,1.14,-1.52,-0.75
8.448,1.00,-1.48,-0.73
8.458,0.89,-1.41,-0.72
8.475,0.83,-1.41,-0.75
8.478,0.73,-1.39,-0.74
8.494,0.56,-1.37,-0.73
8.498,0.51,-1.38,-0.76
8.509,0.52,-1.38,-0.78
8.518,0.59,-1.39,-0.75
8.531,0.70,-1.45,-0.90
8.548,0.75,-1.49,-0.88
8.548,0.79,-1.61,-0.85
8.562,0.87,-1.78,-0.79
8.567,1.10,-1.88,-0.85
8.579,1.18,-1.95,-0.83
8.593,1.26,-2.05,-0.72
8.597,1.39,-2.12,-0.52
8.612,1.45,-2.11,-0.46
8.618,1.46,-2.23,-0.47
8.631,1.45,-2.36,-0.47
8.649,1.56,-2.61,-0.59
8.650,1.68,-2.73,-0.64
8.668,1.83,-2.91,-0.67
8.669,2.04,-3.08,-0.70
8.680,2.58,-3.25,-0.53
8.693,2.82,-3.30,-0.47
8.698,3.01,-3.34,-0.47
8.711,3.13,-3.34,-0.49
8.717,3.31,-3.36,-0.50
8.732,3.37,-3.34,-0.58
8.750,3.41,-3.34,-0.64
8.750,3.44,-3.42,-0.48
8.764,3.47,-3.38,-0.35
8.767,3.46,-3.33,-0.38
8.782,3.43,-3.34,-0.36
8.788,3.57,-3.12,-0.48
8.799,3.67,-3.01,-0.61
8.813,3.71,-2.91,-0.74
8.818,3.79,-2.85,-0.77
8.829,3.81,-2.86,-0.88
8.837,3.73,-2.82,-0.89
8.848,3.71,-2.78,-0.88
8.865,3.57,-2.86,-0.88
8.867,3.44,-2.91,-0.89
8.878,3.34,-2.91,-0.86
8.887,3.26,-2.92,-0.78
8.898,3.17,-2.87,-0.49
8.913,3.12,-2.82,-0.38
8.917,3.06,-2.77,-0.26
8.932,3.00,-2.77,-0.08
8.938,3.06,-2.57,0.08
8.950,3.07,-2.45,0.14
8.964,3.05,-2.41,0.12
8.967,2.95,-2.46,0.19
8.978,2.77,-2.41,0.49
8.987,2.64,-2.33,0.67
8.998,2.45,-2.35,0.86
9.007,1.97,-2.20,0.77
9.018,1.80,-2.16,0.55
9.035,1.62,-2.11,0.43
9.037,1.49,-2.10,0.48
9.050,1.31,-1.95,0.48
9.057,1.15,-1.96,0.35
9.069,0.93,-2.09,0.31
9.083,0.66,-2.08,0.25
9.087,0.33,-2.02,0.10
9.099,0.17,-1.98,0.05
9.107,0.02,-1.98,0.00
9.120,-0.14,-1.78,-0.05
9.141,-0.10,-1.65,-0.09
9.142,-0.03,-1.61,-0.11
9.155,0.05,-1.59,-0.10
9.157,0.29,-1.54,-0.02
9.174,0.34,-1.49,-0.02
9.185,0.38,-1.44,-0.02
9.187,0.42,-1.47,0.02
9.197,0.45,-1.45,0.22
9.207,0.44,-1.42,0.29
9.218,0.38,-1.39,0.29
9.235,0.30,-1.45,0.26
9.237,0.20,-1.56,0.37
9.250,0.19,-1.54,0.38
9.257,0.19,-1.62,0.34
9.268,0.19,-1.83,0.33
9.277,0.23,-1.82,0.36
9.289,0.29,-1.81,0.42
9.301,0.30,-1.86,0.46
9.307,0.34,-1.92,0.58
9.318,0.40,-1.92,0.68
9.327,0.46,-1.93,0.83
9.338,0.48,-2.03,0.94
9.350,0.64,-2.40,0.99
9.357,0.69,-2.52,1.01
9.369,0.76,-2.67,1.06
9.377,0.88,-2.70,1.16
9.389,1.10,-2.59,1.46
9.409,1.19,-2.57,1.57
9.409,1.26,-2.59,1.65
9.423,1.34,-2.61,1.79
9.427,1.44,-2.58,1.83
9.443,1.63,-2.61,1.88
9.463,1.79,-2.64,1.92
9.464,2.06,-2.67,2.18
9.477,2.15,-2.73,2.24
9.478,2.22,-2.79,2.29
9.498,2.23,-2.84,2.34
9.498,2.33,-3.11,2.46
9.512,2.38,-3.20,2.55
9.533,2.49,-3.25,2.73
9.534,2.67,-3.36,3.00
9.537,2.79,-3.39,2.98
9.547,2.94,-3.47,2.96
9.557,3.01,-3.58,2.94
9.572,3.17,-3.68,2.77
9.577,3.21,-3.80,2.63
9.591,3.21,-3.95,2.45
9.597,3.15,-4.00,2.26
9.611,3.07,-4.00,2.02
9.631,3.10,-4.00,1.97
9.632,3.19,-4.00,2.00
9.637,3.22,-4.00,2.03
9.647,3.19,-4.00,1.95
9.658,3.15,-4.00,1.93
9.669,3.08,-4.00,1.86
9.677,2.89,-4.00,1.69
9.690,2.83,-4.00,1.65
9.697,2.81,-4.00,1.64
9.709,2.77,-4.00,1.61
9.724,2.77,-4.00,1.55
9.727,2.65,-4.00,1.59
9.741,2.60,-4.00,1.59
9.747,2.60,-3.97,1.50
9.757,2.39,-3.86,1.26
9.774,2.30,-3.78,1.15
9.777,2.22,-3.69,1.05
9.790,2.13,-3.65,0.99
9.797,1.95,-3.52,0.91
9.808,1.89,-3.44,0.75
9.817,1.74,-3.32,0.67
9.827,1.65,-3.03,0.67
9.844,1.57,-2.91,0.64
9.847,1.50,-2.82,0.56
9.859,1.42,-2.73,0.45
9.867,1.29,-2.59,0.26
9.877,1.24,-2.51,0.23
9.893,1.27,-2.41,0.25
9.897,1.31,-2.28,0.24
9.912,1.35,-2.08,0.08
9.917,1.28,-2.01,-0.02
9.933,1.26,-1.92,-0.10
9.952,1.20,-1.72,-0.18
9.952,1.13,-1.67,-0.21
9.969,1.10,-1.62,-0.22
9.970,1.10,-1.58,-0.20
9.984,1.11,-1.53,-0.25
9.999,1.14,-1.44,-0.33
10.006,1.20,-1.39,-0.37
10.007,1.24,-1.32,-0.39
10.021,1.30,-1.19,-0.47
10.042,1.26,-1.17,-0.53
10.043,1.26,-1.11,-0.54
10.062,1.23,-1.06,-0.48
10.063,1.13,-1.04,-0.39
10.067,1.10,-1.03,-0.36
10.082,1.07,-1.08,-0.38
10.087,1.06,-1.18,-0.41
10.097,1.09,-1.19,-0.48
10.119,1.08,-1.26,-0.51
10.120,1.10,-1.41,-0.48
10.140,1.33,-1.66,-0.49
10.141,1.47,-1.75,-0.49
10.160,1.62,-1.89,-0.40
10.161,1.71,-1.98,-0.31
10.167,1.95,-1.98,-0.30
10.180,2.01,-2.04,-0.29
10.187,2.10,-2.06,-0.21
10.197,2.35,-2.06,0.00
10.213,2.44,-2.09,0.00
10.217,2.54,-2.10,-0.07
10.233,2.60,-2.19,-0.14
10.237,2.69,-2.42,-0.17
10.247,2.82,-2.43,-0.25
10.267,2.91,-2.42,-0.33
10.267,3.01,-2.51,-0.43
10.283,3.22,-2.53,-0.46
10.287,3.36,-2.47,-0.49
10.303,3.49,-2.49,-0.58
10.307,3.57,-2.56,-0.72
10.318,3.76,-2.51,-0.77
10.339,3.79,-2.51,-0.81
10.339,3.77,-2.54,-0.75
10.350,3.60,-2.60,-0.48
10.357,3.49,-2.67,-0.39
10.367,3.31,-2.75,-0.25
10.384,3.06,-2.76,-0.07
10.387,2.77,-2.63,0.11
10.397,2.68,-2.59,0.08
10.407,2.63,-2.54,-0.01
10.417,2.70,-2.52,-0.19
10.435,2.83,-2.49,-0.65
10.437,2.91,-2.56,-0.75
10.450,3.03,-2.54,-0.78
10.457,3.19,-2.53,-0.81
10.471,3.36,-2.52,-0.81
10.486,3.37,-2.56,-0.68
10.487,3.36,-2.58,-0.50
10.500,3.32,-2.46,-0.33
10.507,3.24,-2.48,-0.28
10.517,3.13,-2.53,-0.23
10.538,3.00,-2.54,-0.06
10.539,2.76,-2.53,0.37
10.552,2.64,-2.47,0.48
10.557,2.52,-2.39,0.53
10.573,2.44,-2.37,0.54
10.577,2.23,-2.24,0.61
10.588,2.07,-2.23,0.67
10.603,1.90,-2.18,0.72
10.607,1.56,-2.16,0.80
10.618,1.36,-2.12,0.81
10.627,1.14,-2.06,0.74
10.638,0.95,-2.06,0.64
10.653,0.62,-1.98,0.55
10.657,0.48,-1.93,0.48
10.674,0.41,-1.82,0.38
10.677,0.36,-1.73,0.24
10.687,0.21,-1.72,0.10
10.702,0.12,-1.73,0.06
10.707,0.08,-1.66,0.06
10.723,0.12,-1.57,0.05
10.727,0.18,-1.32,0.08
10.748,0.22,-1.26,0.08
10.749,0.26,-1.19,0.08
10.757,0.26,-1.24,0.08
10.767,0.26,-1.23,0.07
10.777,0.22,-1.22,0.06
10.787,0.13,-1.30,0.03
10.797,-0.07,-1.45,-0.01
10.808,-0.06,-1.45,-0.02
10.829,-0.04,-1.49,0.04
10.831,0.01,-1.45,0.10
10.851,0.20,-1.44,0.17
10.852,0.27,-1.46,0.26
10.857,0.32,-1.53,0.37
10.868,0.38,-1.55,0.43
10.877,0.50,-1.60,0.54
10.887,0.49,-1.72,0.57
10.897,0.48,-1.86,0.58
10.907,0.60,-1.95,0.63
10.926,0.64,-1.96,0.73
10.927,0.60,-1.97,0.81
10.947,0.57,-1.99,0.83
10.948,0.59,-2.12,0.87
10.962,0.62,-2.17,1.01
10.978,0.69,-2.23,1.18
10.978,0.84,-2.34,1.34
10.992,1.15,-2.49,1.59
10.999,1.21,-2.47,1.69
11.007,1.27,-2.38,1.80
11.023,1.38,-2.19,1.95
11.026,1.39,-2.15,1.99
11.044,1.43,-2.24,1.99
11.046,1.49,-2.38,1.97
11.067,1.71,-2.47,2.04
11.068,1.91,-2.53,2.14
11.090,2.08,-2.55,2.20
11.091,2.26,-2.54,2.25
11.112,2.28,-2.41,2.38
11.113,2.23,-2.45,2.36
11.134,2.23,-2.54,2.27
11.135,2.26,-2.66,2.18
11.155,2.35,-2.85,2.10
11.156,2.41,-2.99,2.06
11.156,2.45,-2.95,2.01
11.176,2.73,-2.79,1.87
11.177,2.77,-2.76,1.84
11.198,2.78,-2.74,1.80
11.199,2.77,-2.73,1.75
11.220,2.58,-2.76,1.60
11.220,2.47,-2.77,1.55
11.241,2.39,-2.81,1.51
11.242,2.33,-2.81,1.50
11.247,2.31,-2.85,1.53
11.262,2.32,-2.82,1.52
11.267,2.34,-2.79,1.49
11.278,2.21,-2.76,1.44
11.293,2.13,-2.76,1.38
11.297,2.02,-2.78,1.29
11.314,1.91,-2.85,1.21
11.316,1.65,-2.91,0.99
11.327,1.52,-2.95,0.89
11.350,1.42,-2.99,0.79
11.350,1.35,-2.92,0.72
11.364,1.28,-2.71,0.60
11.367,1.26,-2.58,0.51
11.380,1.23,-2.45,0.43
11.387,1.19,-2.29,0.36
11.396,1.13,-1.99,0.30
11.416,1.06,-1.84,0.27
11.417,0.99,-1.73,0.19
11.437,0.90,-1.48,0.03
11.438,0.86,-1.34,-0.01
11.458,0.81,-1.22,0.01
11.458,0.77,-1.15,0.05
11.474,0.66,-0.99,0.06
11.494,0.61,-0.93,0.01
11.495,0.58,-0.85,-0.08
11.510,0.53,-0.79,-0.12
11.510,0.48,-0.70,-0.16
11.533,0.47,-0.63,-0.19
11.534,0.45,-0.55,-0.21
11.554,0.45,-0.47,-0.24
11.555,0.46,-0.29,-0.34
11.570,0.47,-0.22,-0.33
11.571,0.46,-0.17,-0.30
11.592,0.51,-0.02,-0.23
11.593,0.53,0.05,-0.19
11.596,0.52,0.10,-0.17
11.606,0.50,0.11,-0.16
11.617,0.44,0.15,-0.16
11.636,0.45,0.19,-0.10
11.637,0.45,0.23,-0.03
11.658,0.45,0.31,0.07
11.659,0.50,0.47,0.20
11.681,0.50,0.53,0.25
11.682,0.50,0.58,0.31
11.687,0.49,0.66,0.42
11.702,0.50,0.69,0.49
11.707,0.50,0.71,0.55
11.719,0.49,0.69,0.62
11.743,0.45,0.69,0.75
11.743,0.43,0.65,0.78
11.764,0.41,0.64,0.81
11.765,0.40,0.65,0.86
11.767,0.40,0.67,0.93
11.785,0.38,0.66,0.95
11.786,0.37,0.66,0.97
11.800,0.40,0.68,1.04
11.806,0.37,0.68,1.03
11.823,0.33,0.63,1.00
11.835,0.32,0.61,1.01
11.836,0.50,0.60,0.97
11.857,0.56,0.63,0.96
11.858,0.58,0.74,0.97
11.881,0.53,0.76,0.89
11.882,0.41,0.65,0.84
11.887,0.36,0.62,0.86
11.904,0.30,0.58,0.88
11.907,0.23,0.55,0.88
11.921,0.15,0.47,0.83
11.927,0.13,0.45,0.85
11.939,0.11,0.44,0.85
11.962,0.09,0.36,1.17
11.962,0.05,0.45,0.93
11.966,0.04,0.44,0.98
11.977,0.02,0.37,1.01
11.987,-0.04,0.30,1.05
11.997,-0.03,0.32,1.00
12.010,0.02,0.41,1.05
12.033,0.08,0.55,1.00
12.034,0.05,0.39,0.99
12.036,0.12,0.38,0.93
12.054,0.23,0.18,0.52
12.056,0.11,0.38,0.86
12.073,0.03,0.54,1.03
12.076,0.02,0.51,1.13
12.094,0.01,0.48,1.18
12.116,-0.00,0.43,1.07
12.117,-0.01,0.42,1.03
12.118,-0.01,0.40,0.99
12.126,-0.00,0.37,0.96
12.137,-0.01,0.34,0.99
12.146,-0.05,0.37,1.02
12.158,-0.06,0.40,1.05
12.174,-0.13,0.22,1.07
12.176,0.11,0.42,1.16
12.188,0.11,0.42,1.05
12.196,0.06,0.41,0.89
12.207,0.01,0.49,0.72
12.222,0.06,0.41,0.81
12.227,0.03,0.38,0.84
12.245,-0.00,0.37,0.91
12.246,-0.03,0.36,0.99
12.257,-0.01,0.37,1.00
12.270,0.04,0.36,1.01
12.277,0.07,0.35,1.00
12.287,0.09,0.31,0.94
12.297,0.08,0.29,0.94
12.307,0.11,0.27,0.93
12.325,0.14,0.26,0.92
12.327,0.09,0.17,0.80
12.351,0.09,0.16,0.76
12.352,0.10,0.18,0.75
12.357,0.10,0.23,0.65
12.370,0.09,0.29,0.71
12.377,0.10,0.29,0.60
12.387,0.06,0.30,0.99
12.397,0.02,0.24,0.88
12.407,0.06,0.21,1.03
12.417,0.06,0.29,1.12
12.428,0.06,0.36,1.11
12.457,0.04,0.32,0.93
12.458,0.04,0.30,0.90
12.459,0.03,0.29,0.88
12.467,-0.02,0.32,0.86
12.477,-0.02,0.34,0.85
12.493,-0.01,0.36,0.87
12.497,-0.01,0.37,0.89
12.508,-0.03,0.37,0.88
12.517,-0.04,0.36,0.87
12.529,-0.05,0.36,0.88
12.559,-0.05,0.36,0.90
12.560,-0.05,0.33,0.95
12.561,-0.06,0.31,0.95
12.567,-0.08,0.29,0.94
12.577,-0.09,0.28,0.94
12.590,-0.09,0.31,0.91
12.597,-0.07,0.34,0.89
12.607,-0.07,0.36,0.89
12.617,-0.06,0.38,0.89
12.630,-0.07,0.37,0.89
12.637,-0.08,0.36,0.88
12.660,-0.08,0.35,0.88
12.661,-0.09,0.33,0.88
12.667,-0.10,0.33,0.89
12.678,-0.10,0.32,0.91
12.687,-0.10,0.33,0.92
12.697,-0.09,0.36,0.94
12.713,-0.10,0.38,0.96
12.717,-0.11,0.38,0.96
12.739,-0.10,0.37,0.94
12.740,-0.09,0.36,0.92
12.747,-0.09,0.34,0.90
12.758,-0.09,0.32,0.89
12.767,-0.09,0.31,0.89
12.777,-0.10,0.31,0.89
12.787,-0.10,0.31,0.89
12.797,-0.09,0.32,0.88
12.814,-0.09,0.34,0.90
12.817,-0.08,0.34,0.91
12.842,-0.09,0.34,0.94
12.843,-0.09,0.34,0.97
12.847,-0.08,0.32,1.00
12.860,-0.07,0.31,0.99
12.868,-0.07,0.31,0.97
12.878,-0.08,0.30,0.94
12.888,-0.08,0.30,0.93
12.897,-0.07,0.31,0.93
12.919,-0.07,0.31,0.93
12.921,-0.06,0.32,0.93
12.953,-0.05,0.32,0.94
12.954,-0.05,0.32,0.95
12.955,-0.05,0.31,0.97
12.957,-0.08,0.29,0.98
12.967,-0.09,0.29,0.92
12.982,-0.10,0.29,0.90
12.987,-0.09,0.31,0.92
13.007,-0.07,0.31,0.92
13.007,-0.08,0.30,0.90
13.017,-0.08,0.28,0.91
13.032,-0.09,0.28,0.96
13.037,-0.10,0.28,0.97
13.078,-0.10,0.29,0.98
13.079,-0.10,0.30,0.97
13.080,-0.10,0.30,0.94
13.081,-0.10,0.31,0.92
13.088,-0.11,0.31,0.91
13.099,-0.10,0.31,0.90
13.108,-0.10,0.31,0.89
13.118,-0.10,0.32,0.89
13.139,-0.10,0.31,0.88
13.141,-0.10,0.31,0.87
13.185,-0.11,0.31,0.87
13.186,-0.10,0.32,0.86
13.186,-0.10,0.32,0.86
13.186,-0.09,0.32,0.87
13.187,-0.09,0.31,0.88
13.203,-0.10,0.30,0.88
13.208,-0.10,0.31,0.88
13.221,-0.09,0.33,0.86
13.227,-0.09,0.32,0.87
13.241,-0.09,0.31,0.86
13.279,-0.09,0.32,0.87
13.280,-0.10,0.31,0.88
13.280,-0.11,0.31,0.89
13.280,-0.10,0.30,0.89
13.287,-0.11,0.30,0.89
13.299,-0.10,0.31,0.89
13.307,-0.10,0.31,0.89
13.317,-0.10,0.31,0.91
13.326,-0.11,0.32,0.93
13.338,-0.11,0.32,0.95
13.375,-0.10,0.32,0.96
13.376,-0.11,0.33,0.96
13.376,-0.11,0.34,0.94
13.377,-0.12,0.33,0.93
13.396,-0.13,0.32,0.91
13.397,-0.14,0.35,0.89
13.407,-0.14,0.36,0.89
13.419,-0.14,0.37,0.88
13.427,-0.14,0.38,0.88
13.440,-0.15,0.37,0.90
13.447,-0.15,0.37,0.90
13.479,-0.15,0.37,0.91
13.480,-0.15,0.36,0.92
13.481,-0.15,0.35,0.94
13.487,-0.14,0.35,0.92
13.497,-0.13,0.35,0.88
13.507,-0.12,0.35,0.85
13.523,-0.13,0.33,0.88
13.527,-0.15,0.32,0.95
13.560,-0.11,0.28,0.33
13.560,-0.11,0.37,0.80
13.561,-0.29,0.29,0.99
13.578,-0.33,0.26,1.08
13.579,-0.26,0.34,1.14
13.596,-0.16,0.45,1.02
13.596,-0.16,0.41,0.99
13.612,-0.21,0.34,0.96
13.627,-0.23,0.29,0.92
13.628,-0.19,0.32,0.92
13.648,-0.17,0.36,0.95
13.648,-0.14,0.38,0.97
13.660,-0.12,0.35,0.96
13.673,-0.07,0.28,0.83
13.676,-0.04,0.37,0.82
13.688,-0.06,0.40,0.79
